Question,Answer
What are natural sources of vitamin D?,"Sunlight exposure, fatty fish, egg yolks, and fortified dairy products."
How to avoid overeating at night?,"Eat a filling dinner with fiber and protein, avoid screens while eating, and don’t skip breakfast."
Why is stretching important?,"It improves flexibility, reduces muscle tension, enhances blood flow, and prevents injury."
What are symptoms of dehydration?,"Thirst, dry mouth, fatigue, dark urine, dizziness, and dry skin."
How to keep bones strong?,"Consume calcium and vitamin D, do strength training, and avoid smoking and excess caffeine."
What is portion control?,Managing the amount of food consumed to avoid overeating and maintain weight.
What are probiotics?,"Beneficial bacteria that improve gut health, found in yogurt, kefir, and fermented foods."
Can skipping meals affect metabolism?,"Yes, it can slow metabolism, lead to fatigue, and increase cravings."
What are signs of a sedentary lifestyle?,"Weight gain, fatigue, poor posture, low stamina, and mood swings."
How to improve gut health?,"Eat fiber-rich and fermented foods, reduce sugar intake, and stay hydrated."
What are the benefits of walking daily?,"Enhances heart health, boosts mood, burns calories, and improves joint mobility."
How does sugar impact health?,"Excess sugar leads to obesity, insulin resistance, inflammation, and poor dental health."
What are the benefits of strength training?,"Builds muscle, boosts metabolism, strengthens bones, and improves posture."
What is the best sleeping position?,Sleeping on your back or left side promotes spinal alignment and better digestion.
What are symptoms of poor nutrition?,"Hair loss, fatigue, poor immunity, brittle nails, and frequent illness."
How does lack of sleep affect weight?,"It disrupts hunger hormones, increases cravings, and reduces energy for exercise."
What are signs of vitamin deficiency?,"Fatigue, weak immunity, brittle nails, dry skin, and cognitive issues."
How to protect eyes from screen fatigue?,"Use blue light filters, follow the 20-20-20 rule, blink often, and adjust lighting."
How to stay motivated for fitness?,"Set realistic goals, track progress, have a workout buddy, and keep workouts fun."
What is HIIT workout?,"High-Intensity Interval Training involves quick, intense bursts of activity with rest periods."
What is the importance of breakfast?,"It kickstarts metabolism, boosts energy, and prevents overeating later in the day."
How to improve mental focus?,"Sleep well, eat brain-friendly foods, reduce distractions, and meditate regularly."
Can music improve mood?,"Yes, it reduces stress, boosts dopamine, and promotes relaxation."
How to avoid bloating after meals?,"Eat slowly, avoid carbonated drinks, reduce salt intake, and increase fiber gradually."
How to prevent seasonal flu?,"Get vaccinated, wash hands regularly, eat immune-boosting foods, and stay hydrated."
What are signs of burnout?,"Emotional exhaustion, lack of motivation, irritability, and physical fatigue."
How to reduce junk food intake?,"Meal prep in advance, keep healthy snacks, avoid food triggers, and stay hydrated."
What is mindful breathing?,"Deep, slow, conscious breathing that reduces stress and improves oxygen intake."
What are superfoods?,"Nutrient-dense foods like berries, spinach, quinoa, chia seeds, and green tea."
Can exercise help with depression?,"Yes, it releases endorphins, reduces cortisol, and improves mood."
How to stay healthy while working from home?,"Take breaks, stay active, maintain work-life balance, and eat nutritious meals."
What is the role of magnesium in health?,"Supports muscle function, energy production, sleep quality, and bone health."
Can poor posture cause headaches?,"Yes, it strains neck and shoulder muscles, leading to tension headaches."
What is clean water's role in digestion?,"It helps break down food, absorb nutrients, and regulate bowel movements."
Can screen time affect hormone levels?,"Yes, blue light affects melatonin production and disrupts sleep patterns."
How to manage blood sugar levels naturally?,"Eat balanced meals, avoid sugary foods, stay active, and reduce stress."
What is the best way to wake up refreshed?,"Sleep early, limit caffeine at night, keep your room dark, and avoid screen time before bed."
What is the role of omega-3 fatty acids?,"They reduce inflammation, support brain health, and improve heart function."
How to boost immunity naturally?,"Eat vitamin C-rich foods, sleep well, reduce stress, and exercise regularly."
What are healthy snacks?,"Nuts, fruits, yogurt, hummus, roasted chickpeas, and whole-grain crackers."
What is meal prepping?,Planning and preparing meals in advance to save time and ensure healthy eating.
What are natural sources of vitamin D? ,"Sunlight exposure, fatty fish, egg yolks, and fortified dairy products. Try to follow regularly."
How to avoid overeating at night? ,"Eat a filling dinner with fiber and protein, avoid screens while eating, and don’t skip breakfast. Try to follow regularly."
Why is stretching important? ,"It improves flexibility, reduces muscle tension, enhances blood flow, and prevents injury. Try to follow regularly."
What are symptoms of dehydration? ,"Thirst, dry mouth, fatigue, dark urine, dizziness, and dry skin. Try to follow regularly."
How to keep bones strong? ,"Consume calcium and vitamin D, do strength training, and avoid smoking and excess caffeine. Try to follow regularly."
What is portion control? ,Managing the amount of food consumed to avoid overeating and maintain weight. Try to follow regularly.
What are probiotics? ,"Beneficial bacteria that improve gut health, found in yogurt, kefir, and fermented foods. Try to follow regularly."
Can skipping meals affect metabolism? ,"Yes, it can slow metabolism, lead to fatigue, and increase cravings. Try to follow regularly."
What are signs of a sedentary lifestyle? ,"Weight gain, fatigue, poor posture, low stamina, and mood swings. Try to follow regularly."
How to improve gut health? ,"Eat fiber-rich and fermented foods, reduce sugar intake, and stay hydrated. Try to follow regularly."
What are the benefits of walking daily? ,"Enhances heart health, boosts mood, burns calories, and improves joint mobility. Try to follow regularly."
How does sugar impact health? ,"Excess sugar leads to obesity, insulin resistance, inflammation, and poor dental health. Try to follow regularly."
What are the benefits of strength training? ,"Builds muscle, boosts metabolism, strengthens bones, and improves posture. Try to follow regularly."
What is the best sleeping position? ,Sleeping on your back or left side promotes spinal alignment and better digestion. Try to follow regularly.
What are symptoms of poor nutrition? ,"Hair loss, fatigue, poor immunity, brittle nails, and frequent illness. Try to follow regularly."
How does lack of sleep affect weight? ,"It disrupts hunger hormones, increases cravings, and reduces energy for exercise. Try to follow regularly."
What are signs of vitamin deficiency? ,"Fatigue, weak immunity, brittle nails, dry skin, and cognitive issues. Try to follow regularly."
How to protect eyes from screen fatigue? ,"Use blue light filters, follow the 20-20-20 rule, blink often, and adjust lighting. Try to follow regularly."
How to stay motivated for fitness? ,"Set realistic goals, track progress, have a workout buddy, and keep workouts fun. Try to follow regularly."
What is HIIT workout? ,"High-Intensity Interval Training involves quick, intense bursts of activity with rest periods. Try to follow regularly."
What is the importance of breakfast? ,"It kickstarts metabolism, boosts energy, and prevents overeating later in the day. Try to follow regularly."
How to improve mental focus? ,"Sleep well, eat brain-friendly foods, reduce distractions, and meditate regularly. Try to follow regularly."
Can music improve mood? ,"Yes, it reduces stress, boosts dopamine, and promotes relaxation. Try to follow regularly."
How to avoid bloating after meals? ,"Eat slowly, avoid carbonated drinks, reduce salt intake, and increase fiber gradually. Try to follow regularly."
How to prevent seasonal flu? ,"Get vaccinated, wash hands regularly, eat immune-boosting foods, and stay hydrated. Try to follow regularly."
What are signs of burnout? ,"Emotional exhaustion, lack of motivation, irritability, and physical fatigue. Try to follow regularly."
How to reduce junk food intake? ,"Meal prep in advance, keep healthy snacks, avoid food triggers, and stay hydrated. Try to follow regularly."
What is mindful breathing? ,"Deep, slow, conscious breathing that reduces stress and improves oxygen intake. Try to follow regularly."
What are superfoods? ,"Nutrient-dense foods like berries, spinach, quinoa, chia seeds, and green tea. Try to follow regularly."
Can exercise help with depression? ,"Yes, it releases endorphins, reduces cortisol, and improves mood. Try to follow regularly."
How to stay healthy while working from home? ,"Take breaks, stay active, maintain work-life balance, and eat nutritious meals. Try to follow regularly."
What is the role of magnesium in health? ,"Supports muscle function, energy production, sleep quality, and bone health. Try to follow regularly."
Can poor posture cause headaches? ,"Yes, it strains neck and shoulder muscles, leading to tension headaches. Try to follow regularly."
What is clean water's role in digestion? ,"It helps break down food, absorb nutrients, and regulate bowel movements. Try to follow regularly."
Can screen time affect hormone levels? ,"Yes, blue light affects melatonin production and disrupts sleep patterns. Try to follow regularly."
How to manage blood sugar levels naturally? ,"Eat balanced meals, avoid sugary foods, stay active, and reduce stress. Try to follow regularly."
What is the best way to wake up refreshed? ,"Sleep early, limit caffeine at night, keep your room dark, and avoid screen time before bed. Try to follow regularly."
What is the role of omega-3 fatty acids? ,"They reduce inflammation, support brain health, and improve heart function. Try to follow regularly."
How to boost immunity naturally? ,"Eat vitamin C-rich foods, sleep well, reduce stress, and exercise regularly. Try to follow regularly."
What are healthy snacks? ,"Nuts, fruits, yogurt, hummus, roasted chickpeas, and whole-grain crackers. Try to follow regularly."
