Profession,Health Tip
Agriculture Worker,Wear Proper Footwear: Prevents strain and discomfort during long hours of standing.\nHand Massage: Relieves tension after prolonged tool handling.\nStretch Back and Shoulders: Reduces strain from bending frequently.\nSun Protection Reminder: Wear a hat and apply sunscreen when working outside.\nDrink Water Every Hour: Prevents dehydration in the fields.
Business Professional,Standing Phone Calls: Take calls while standing or walking to stay active.\nPower Nap (if possible): A 10-minute rest improves productivity.\nPlan and Prioritize: Reduce stress by listing important tasks for the day.\nHydration Reminder: A sip of water keeps you focused during meetings.\nDesk Stretch: Stretch your arms upward every 30 minutes.
Environmentalists,Sun Safety Alert: Reapply sunscreen every 2 hours outdoors.\nProtective Gear Reminder: Always wear gloves and masks when handling chemicals.\nDeep Breathing Exercise: Helps after exposure to polluted areas.\nHydration Check: Prevents dehydration when working in hot environments.\nStretch After Physical Work: Relieves muscle strain.
Healthcare Professional,Hand Sanitization Reminder: Prevent infections by regularly sanitizing hands.\nStay Hydrated: Drink a glass of water every hour to prevent fatigue.\n5-Minute Meditation: Helps calm the mind during hectic shifts.\nQuick Shoulder Stretch: Cross one arm across your chest and hold for a deep stretch.\nEye Relaxation: Blink rapidly for a few seconds to moisten dry eyes.
Hotel Management Staff,Stretch Between Shifts: Helps reduce body stiffness.\nHydration Reminder: Prevents dehydration from high activity levels.\nHand and Wrist Exercises: Relieves strain from constant lifting.\nFoot Soak After Work: Helps relax after long shifts.\nPositive Self-Talk Reminder: Enhances customer interactions.
Housewife,Wrist Rotation Exercise: Prevents strain from household chores.\nFoot Massage Reminder: Helps reduce pain after prolonged standing.\nHydration Check: Keeps energy levels stable.\nBack Stretch Exercise: Relieves tension after lifting or bending.\nDeep Breathing After Stressful Tasks: Helps calm the mind.
IT Professional,Blue Light Filter Reminder: Reduce eye strain by enabling blue light filters on screens.\nMicro-Walks: Walk around your desk every hour to improve blood circulation.\nPosture Check: Keep your back straight and feet flat on the floor while working.\nHand Massage: Relieve stress in fingers and wrists after long hours of typing.\nUse a Standing Desk: Helps avoid prolonged sitting-related health issues.
Lawyer,Mental Clarity Exercise: Close your eyes and take deep breaths before a court session.\nAdjust Sitting Posture: Keep feet flat on the floor and maintain an upright position.\nWrist Flex Exercise: Relieves tension from prolonged writing and typing.\nHydration Reminder: Prevents dry throat and keeps energy levels stable.\nListen to Calming Music: Helps relax during intense case preparations.
Media Professional,Practice Good Posture: Avoid slouching while sitting for long hours.\nBreathing Exercise Before Live Reporting: Helps reduce anxiety.\nFrequent Eye Blinks: Prevents dry eyes due to prolonged screen time.\nHand Stretches After Writing or Typing: Prevents stiffness.\nStay Hydrated: Keeps vocal clarity intact.
Police Officer,Hand and Wrist Exercises: Helps with prolonged weapon handling.\nStretch Between Patrols: Reduces muscle fatigue.\nHydration Reminder: Stay hydrated for endurance.\nMindfulness Reminder: Stay mentally alert in high-stress situations.\nBreathing Exercises: Helps manage stress and increase focus.
Researcher,Take Short Breaks Every Hour: Helps in maintaining focus.\nPosture Check Reminder: Avoid slouching while reading.\nEye Relaxation Exercise: Reduce strain from prolonged screen use.\nHand and Wrist Stretch: Helps after long writing or typing sessions.\nHydration Reminder: Prevents fatigue and improves productivity.
Sales Professional,Positive Affirmation Reminder: Boosts confidence before meetings.\nMaintain Good Posture: Helps in making a strong impression.\nBreathing Exercise Before a Pitch: Calms nerves and improves clarity.\nStretch After Walking Long Distances: Prevents leg cramps.\nHydration Alert: Keeps energy levels high during sales visits.
Sports Professional,Foam Rolling Reminder: Helps in muscle recovery after workouts.\nActive Rest Days: Engage in light stretching on off days.\nHydration Reminder: Helps avoid cramps and fatigue.\nProper Cool-Down Routine: Prevents injuries after training.\nWear Proper Footwear: Reduces the risk of foot-related injuries.
Student,"Hydration Reminder: Drinking water boosts brain function.\nStretch and Walk Every Hour: Prevents fatigue and increases concentration.\nProper Sitting Posture: Reduces neck and back pain.\nBreathing Exercise Before Exams: Reduces anxiety.\nAvoid Cramming: Study in small, consistent intervals."
Teacher,Voice Care: Avoid shouting; use a microphone or write instructions on the board.\nMindfulness Break: Take deep breaths before entering class to maintain calmness.\nHydration Check: Stay hydrated to keep vocal cords healthy.\nStretch Hands and Wrists: Helps after long writing or board work sessions.\nLaugh and Smile: Reduces stress and enhances classroom engagement.
Transport Worker,Seated Pelvic Tilt: Helps prevent lower back pain from prolonged sitting.\nHand and Wrist Circles: Improves blood circulation after gripping a steering wheel.\nHydration Reminder: Prevents fatigue and drowsiness.\nTake Breaks for Short Walks: Reduces leg stiffness during long drives.\nDeep Breathing Before Driving: Enhances focus and reduces stress.
Healthcare Professional,Hand Sanitization Reminder: Prevent infections by regularly sanitizing hands.\nStay Hydrated: Drink a glass of water every hour to prevent fatigue.\n5-Minute Meditation: Helps calm the mind during hectic shifts.\nQuick Shoulder Stretch: Cross one arm across your chest and hold for a deep stretch.\nEye Relaxation: Blink rapidly for a few seconds to moisten dry eyes.
IT Professional,Blue Light Filter Reminder: Reduce eye strain by enabling blue light filters on screens.\nMicro-Walks: Walk around your desk every hour to improve blood circulation.\nPosture Check: Keep your back straight and feet flat on the floor while working.\nHand Massage: Relieve stress in fingers and wrists after long hours of typing.\nUse a Standing Desk: Helps avoid prolonged sitting-related health issues.
